Workbook
Name dta: Database!$A$1:$J$31

Sheet Database
A1: STUDENT ID | B1: NAME | C1: DEPT | D1: MATHS | E1: ENGLISH | F1: PHY | G1: BIO | H1: CHE | I1: AGRIC | J1: GEO | K1: AVERAGE | L1: RANK
A2: IKT34 | B2: Adeola Musa | C2: Computer Science | D2: 78 | E2: 65 | F2: 44 | G2: 74 | H2: 69 | I2: 55 | J2: 60 | K2: =AVERAGE(D2:J2) -> 63.571429 | L2: =RANK(K2,$K$2:$K$31,0) -> 24
A3: IKT02 | B3: Tunde Balogun | C3: Accounting | D3: 55 | E3: 60 | F3: 48 | G3: 52 | H3: 72 | I3: 67 | J3: 58 | K3: =AVERAGE(D3:J3) -> 58.857143 | L3: =RANK(K3,$K$2:$K$31,0) -> 30
A4: IKT89 | B4: Chioma Okeke | C4: Biology | D4: 85 | E4: 79 | F4: 74 | G4: 88 | H4: 81 | I4: 70 | J4: 72 | K4: =AVERAGE(D4:J4) -> 78.428571 | L4: =RANK(K4,$K$2:$K$31,0) -> 1
A5: IKT11 | B5: Ibrahim Bello | C5: Engineering | D5: 90 | E5: 76 | F5: 88 | G5: 55 | H5: 84 | I5: 73 | J5: 75 | K5: =AVERAGE(D5:J5) -> 77.285714 | L5: =RANK(K5,$K$2:$K$31,0) -> 3
A6: IKT53 | B6: Ngozi Eze | C6: Economics | D6: 62 | E6: 70 | F6: 58 | G6: 60 | H6: 64 | I6: 66 | J6: 59 | K6: =AVERAGE(D6:J6) -> 62.714286 | L6: =RANK(K6,$K$2:$K$31,0) -> 26
A7: IKT27 | B7: Samuel Adeyemi | C7: Geography | D7: 71 | E7: 68 | F7: 72 | G7: 65 | H7: 60 | I7: 75 | J7: 44 | K7: =AVERAGE(D7:J7) -> 65 | L7: =RANK(K7,$K$2:$K$31,0) -> 23
A8: IKT75 | B8: Ruth Akinwale | C8: Microbiology | D8: 44 | E8: 74 | F8: 78 | G8: 82 | H8: 77 | I8: 69 | J8: 70 | K8: =AVERAGE(D8:J8) -> 70.571429 | L8: =RANK(K8,$K$2:$K$31,0) -> 13
A9: IKT20 | B9: Emeka Obi | C9: Physics | D9: 44 | E9: 66 | F9: 91 | G9: 73 | H9: 85 | I9: 60 | J9: 64 | K9: =AVERAGE(D9:J9) -> 69 | L9: =RANK(K9,$K$2:$K$31,0) -> 16
A10: IKT61 | B10: Zainab Sadiq | C10: Chemistry | D10: 73 | E10: 70 | F10: 75 | G10: 68 | H10: 80 | I10: 65 | J10: 69 | K10: =AVERAGE(D10:J10) -> 71.428571 | L10: =RANK(K10,$K$2:$K$31,0) -> 9
A11: IKT08 | B11: David Ojo | C11: Engineering | D11: 44 | E11: 77 | F11: 55 | G11: 79 | H11: 81 | I11: 72 | J11: 74 | K11: =AVERAGE(D11:J11) -> 68.857143 | L11: =RANK(K11,$K$2:$K$31,0) -> 17
A12: IKT44 | B12: Grace Nwosu | C12: Biology | D12: 56 | E12: 72 | F12: 65 | G12: 70 | H12: 68 | I12: 64 | J12: 66 | K12: =AVERAGE(D12:J12) -> 65.857143 | L12: =RANK(K12,$K$2:$K$31,0) -> 22
A13: IKT92 | B13: Kingsley Uche | C13: Computer Science | D13: 75 | E13: 71 | F13: 66 | G13: 74 | H13: 72 | I13: 69 | J13: 70 | K13: =AVERAGE(D13:J13) -> 71 | L13: =RANK(K13,$K$2:$K$31,0) -> 12
... A31: IKT01 | B31: Fatima Lawal | C31: Economics | D31: 72 | E31: 75 | F31: 70 | G31: 68 | H31: 73 | I31: 77 | J31: 69 | K31: =AVERAGE(D31:J31) -> 72 | L31: =RANK(K31,$K$2:$K$31,0) -> 7

Sheet Report Card
F1: AL-NUR HIGH SCHOOL
C10: STUDENT ID | D10: IKT41
C11: NAME | D11: =VLOOKUP('Report Card'!D10,Database!$A$1:$J$31,2,0) -> Paul Johnson
C12: DEPT | D12: =VLOOKUP('Report Card'!D10,Database!$A$1:$J$31,3,0) -> Engineering
G14: SUBJECT | H14: TOTAL MARKS | I14: PASS MARK | J14: MARKS OBTAIN | K14: PERCENTAGE | L14: GRADE
G15: MATHS | H15: 100 | I15: 50 | J15: =VLOOKUP(D10,Database!$A$1:$J$31,4,0) -> 55 | K15: =J15/H15 -> 0.55 | L15: ='Report Sheet'!F15=IF(J15>=85,"EXECLLENT",IF(J15>=70,"VERY GOOD",IF(J15>=60,"GOOD",IF(J15>=50,"PASS",IF(J15>=45,"FAIL"))))) -> FALSE
G16: ENGLISH | H16: 100 | I16: 50 | J16: =VLOOKUP(D10,Database!$A$1:$J$31,5,0) -> 80 | K16: =J16/H16 -> 0.8 | L16: =IF(J16>=85,"EXECLLENT",IF(J16>=70,"VERY GOOD",IF(J16>=60,"GOOD",IF(J16>=50,"PASS",IF(J16>=45,"FAIL"))))) -> VERY GOOD
G17: PHY | H17: 100 | I17: 50 | J17: =VLOOKUP(D10,Database!$A$1:$J$31,6,0) -> 90 | K17: =J17/H17 -> 0.9 | L17: =IF(J17>=85,"EXECLLENT",IF(J17>=70,"VERY GOOD",IF(J17>=60,"GOOD",IF(J17>=50,"PASS",IF(J17>=45,"FAIL"))))) -> EXECLLENT
G18: BIO | H18: 100 | I18: 50 | J18: =VLOOKUP(D10,Database!$A$1:$J$31,7,0) -> 78 | K18: =J18/H18 -> 0.78 | L18: =IF(J18>=85,"EXECLLENT",IF(J18>=70,"VERY GOOD",IF(J18>=60,"GOOD",IF(J18>=50,"PASS",IF(J18>=45,"FAIL"))))) -> VERY GOOD
G19: CHE | H19: 100 | I19: 50 | J19: =VLOOKUP(D10,Database!$A$1:$J$31,8,0) -> 84 | K19: =J19/H19 -> 0.84 | L19: =IF(J19>=85,"EXECLLENT",IF(J19>=70,"VERY GOOD",IF(J19>=60,"GOOD",IF(J19>=50,"PASS",IF(J19>=45,"FAIL"))))) -> VERY GOOD
G20: AGRIC | H20: 100 | I20: 50 | J20: =VLOOKUP(D10,Database!$A$1:$J$31,9,0) -> 76 | K20: =J20/H20 -> 0.76 | L20: =IF(J20>=85,"EXECLLENT",IF(J20>=70,"VERY GOOD",IF(J20>=60,"GOOD",IF(J20>=50,"PASS",IF(J20>=45,"FAIL"))))) -> VERY GOOD
G21: GEO | H21: 100 | I21: 50 | J21: =VLOOKUP(D10,Database!$A$1:$J$31,10,0) -> 75 | K21: =J21/H21 -> 0.75 | L21: =IF(J21>=85,"EXECLLENT",IF(J21>=70,"VERY GOOD",IF(J21>=60,"GOOD",IF(J21>=50,"PASS",IF(J21>=45,"FAIL"))))) -> VERY GOOD
L23: TOTAL MARKS | M23: =SUM(H15:H21) -> 700
L24: MARKS OBTAIN | M24: =SUM(J15:J21) -> 538
L25: PERCENTAGE | M25: =M24/700 -> 0.76857143

Sheet Report Sheet
C1: AL-NUR HIGH SCHOOL
A7: STUDENT ID : | B7: IKT25
A8: NAME : | B8: =VLOOKUP(B7,Database!A1:B31,2,0) -> Rachel Danjuma
A9: DEPT : | B9: =VLOOKUP(B7,Database!A1:C31,3,0) -> Biology
B14: SUBJECT | C14: TOTAL MARK | D14: MARKS OBTAIN | E14: PERCENTAGE | F14: GRADE
B15: MATHS | C15: 100 | D15: =VLOOKUP(B7,dta,4,0) -> 75 | E15: =D15/C15 -> 0.75 | F15: =_xlfn.IFS(D15>=80,"EXCELLENT",D15>=65,"VERY GOOD",D15>=55,"GOOD",D15>=45,"PASS",TRUE,"FAIL") -> VERY GOOD
B16: ENGLISH | C16: 100 | D16: =VLOOKUP(B7,dta,5,0) -> 78 | E16: =D16/C16 -> 0.78 | F16: =_xlfn.IFS(D16>=80,"EXCELLENT",D16>=65,"VERY GOOD",D16>=55,"GOOD",D16>=45,"PASS",TRUE,"FAIL") -> VERY GOOD
B17: PHY | C17: 100 | D17: =VLOOKUP(B7,dta,6,0) -> 55 | E17: =D17/C17 -> 0.55 | F17: =_xlfn.IFS(D17>=80,"EXCELLENT",D17>=65,"VERY GOOD",D17>=55,"GOOD",D17>=45,"PASS",TRUE,"FAIL") -> GOOD
B18: BIO | C18: 100 | D18: =VLOOKUP(B7,dta,7,0) -> 44 | E18: =D18/C18 -> 0.44 | F18: =_xlfn.IFS(D18>=80,"EXCELLENT",D18>=65,"VERY GOOD",D18>=55,"GOOD",D18>=45,"PASS",TRUE,"FAIL") -> FAIL
B19: CHE | C19: 100 | D19: =VLOOKUP(B7,dta,8,0) -> 77 | E19: =D19/C19 -> 0.77 | F19: =_xlfn.IFS(D19>=80,"EXCELLENT",D19>=65,"VERY GOOD",D19>=55,"GOOD",D19>=45,"PASS",TRUE,"FAIL") -> VERY GOOD
B20: AGRIC | C20: 100 | D20: =VLOOKUP(B7,dta,9,0) -> 70 | E20: =D20/C20 -> 0.7 | F20: =_xlfn.IFS(D20>=80,"EXCELLENT",D20>=65,"VERY GOOD",D20>=55,"GOOD",D20>=45,"PASS",TRUE,"FAIL") -> VERY GOOD
B21: GEO | C21: 100 | D21: =VLOOKUP(B7,dta,10,0) -> 72 | E21: =D21/C21 -> 0.72 | F21: =_xlfn.IFS(D21>=80,"EXCELLENT",D21>=65,"VERY GOOD",D21>=55,"GOOD",D21>=45,"PASS",TRUE,"FAIL") -> VERY GOOD
B24: TOTAL MARKS | C24: =SUM(C15:C21) -> 700
B25: MARKS OBTAIN | C25: =SUM(D15:D21) -> 471
B26: PERCENTAGE | C26: =D15/C15 -> 0.75
E28: Teacher's Remark :
E29: Sign/Date :
