Workbook
Name dta: Database!$A$1:$J$31

Sheet Database
A1: STUDENT ID | B1: NAME | C1: DEPT | D1: MATHS | E1: ENGLISH | F1: PHY | G1: BIO | H1: CHE | I1: AGRIC | J1: GEO
A2: IKT34 | B2: Adeola Musa | C2: Computer Science | D2: 78 | E2: 65 | F2: 44 | G2: 74 | H2: 69 | I2: 55 | J2: 60 | K2: 4
A3: IKT02 | B3: Tunde Balogun | C3: Accounting | D3: 55 | E3: 60 | F3: 48 | G3: 52 | H3: 72 | I3: 67 | J3: 58 | K3: 5
A4: IKT89 | B4: Chioma Okeke | C4: Biology | D4: 85 | E4: 79 | F4: 74 | G4: 88 | H4: 81 | I4: 70 | J4: 72 | K4: 6
A5: IKT11 | B5: Ibrahim Bello | C5: Engineering | D5: 90 | E5: 76 | F5: 88 | G5: 55 | H5: 84 | I5: 73 | J5: 75 | K5: 7
A6: IKT53 | B6: Ngozi Eze | C6: Economics | D6: 62 | E6: 70 | F6: 58 | G6: 60 | H6: 64 | I6: 66 | J6: 59 | K6: 8
A7: IKT27 | B7: Samuel Adeyemi | C7: Geography | D7: 71 | E7: 68 | F7: 72 | G7: 65 | H7: 60 | I7: 75 | J7: 44 | K7: 9
A8: IKT75 | B8: Ruth Akinwale | C8: Microbiology | D8: 44 | E8: 74 | F8: 78 | G8: 82 | H8: 77 | I8: 69 | J8: 70 | K8: 10
A9: IKT20 | B9: Emeka Obi | C9: Physics | D9: 44 | E9: 66 | F9: 91 | G9: 73 | H9: 85 | I9: 60 | J9: 64
A10: IKT61 | B10: Zainab Sadiq | C10: Chemistry | D10: 73 | E10: 70 | F10: 75 | G10: 68 | H10: 80 | I10: 65 | J10: 69
A11: IKT08 | B11: David Ojo | C11: Engineering | D11: 44 | E11: 77 | F11: 55 | G11: 79 | H11: 81 | I11: 72 | J11: 74
A12: IKT44 | B12: Grace Nwosu | C12: Biology | D12: 56 | E12: 72 | F12: 65 | G12: 70 | H12: 68 | I12: 64 | J12: 66
A13: IKT92 | B13: Kingsley Uche | C13: Computer Science | D13: 75 | E13: 71 | F13: 66 | G13: 74 | H13: 72 | I13: 69 | J13: 70
A14: IKT36 | B14: Amina Bello | C14: Agriculture | D14: 66 | E14: 68 | F14: 62 | G14: 64 | H14: 65 | I14: 78 | J14: 72
A15: IKT14 | B15: Peter Okon | C15: Geology | D15: 55 | E15: 73 | F15: 76 | G15: 68 | H15: 74 | I15: 60 | J15: 82
A16: IKT71 | B16: Blessing Eze | C16: Accounting | D16: 72 | E16: 65 | F16: 60 | G16: 58 | H16: 69 | I16: 70 | J16: 44
A17: IKT16 | B17: Kolade Lawal | C17: Economics | D17: 68 | E17: 72 | F17: 70 | G17: 66 | H17: 71 | I17: 63 | J17: 60
A18: IKT50 | B18: Halima Musa | C18: Agriculture | D18: 64 | E18: 66 | F18: 55 | G18: 65 | H18: 68 | I18: 74 | J18: 70
A19: IKT83 | B19: Victor James | C19: Physics | D19: 77 | E19: 55 | F19: 85 | G19: 70 | H19: 80 | I19: 66 | J19: 68
A20: IKT05 | B20: Joy Olatunji | C20: Microbiology | D20: 73 | E20: 75 | F20: 70 | G20: 76 | H20: 72 | I20: 65 | J20: 67
... A31: IKT01 | B31: Fatima Lawal | C31: Economics | D31: 72 | E31: 75 | F31: 70 | G31: 68 | H31: 73 | I31: 77 | J31: 69

Sheet Report Card
F1: AL-NUR HIGH SCHOOL
C10: STUDENT ID | D10: IKT41
C11: NAME | D11: =VLOOKUP('Report Card'!D10,Database!$A$1:$J$31,2,0) -> Paul Johnson
C12: DEPT | D12: =VLOOKUP('Report Card'!D10,Database!$A$1:$J$31,3,0) -> Engineering
G14: SUBJECT | H14: TOTAL MARKS | I14: PASS MARK | J14: MARKS OBTAIN | K14: PERCENTAGE | L14: GRADE
G15: MATHS | H15: 100 | I15: 50 | J15: =VLOOKUP(D10,Database!$A$1:$J$31,4,0) -> 55 | K15: =J15/H15 -> 0.55 | L15: =Sheet1!F15=IF(J15>=85,"EXECLLENT",IF(J15>=70,"VERY GOOD",IF(J15>=60,"GOOD",IF(J15>=50,"PASS",IF(J15>=45,"FAIL"))))) -> FALSE
G16: ENGLISH | H16: 100 | I16: 50 | J16: =VLOOKUP(D10,Database!$A$1:$J$31,5,0) -> 80 | K16: =J16/H16 -> 0.8 | L16: =IF(J16>=85,"EXECLLENT",IF(J16>=70,"VERY GOOD",IF(J16>=60,"GOOD",IF(J16>=50,"PASS",IF(J16>=45,"FAIL"))))) -> VERY GOOD
G17: PHY | H17: 100 | I17: 50 | J17: =VLOOKUP(D10,Database!$A$1:$J$31,6,0) -> 90 | K17: =J17/H17 -> 0.9 | L17: =IF(J17>=85,"EXECLLENT",IF(J17>=70,"VERY GOOD",IF(J17>=60,"GOOD",IF(J17>=50,"PASS",IF(J17>=45,"FAIL"))))) -> EXECLLENT
G18: BIO | H18: 100 | I18: 50 | J18: =VLOOKUP(D10,Database!$A$1:$J$31,7,0) -> 78 | K18: =J18/H18 -> 0.78 | L18: =IF(J18>=85,"EXECLLENT",IF(J18>=70,"VERY GOOD",IF(J18>=60,"GOOD",IF(J18>=50,"PASS",IF(J18>=45,"FAIL"))))) -> VERY GOOD
G19: CHE | H19: 100 | I19: 50 | J19: =VLOOKUP(D10,Database!$A$1:$J$31,8,0) -> 84 | K19: =J19/H19 -> 0.84 | L19: =IF(J19>=85,"EXECLLENT",IF(J19>=70,"VERY GOOD",IF(J19>=60,"GOOD",IF(J19>=50,"PASS",IF(J19>=45,"FAIL"))))) -> VERY GOOD
G20: AGRIC | H20: 100 | I20: 50 | J20: =VLOOKUP(D10,Database!$A$1:$J$31,9,0) -> 76 | K20: =J20/H20 -> 0.76 | L20: =IF(J20>=85,"EXECLLENT",IF(J20>=70,"VERY GOOD",IF(J20>=60,"GOOD",IF(J20>=50,"PASS",IF(J20>=45,"FAIL"))))) -> VERY GOOD
G21: GEO | H21: 100 | I21: 50 | J21: =VLOOKUP(D10,Database!$A$1:$J$31,10,0) -> 75 | K21: =J21/H21 -> 0.75 | L21: =IF(J21>=85,"EXECLLENT",IF(J21>=70,"VERY GOOD",IF(J21>=60,"GOOD",IF(J21>=50,"PASS",IF(J21>=45,"FAIL"))))) -> VERY GOOD
L23: TOTAL MARKS | M23: =SUM(H15:H21) -> 700
L24: MARKS OBTAIN | M24: =SUM(J15:J21) -> 538
L25: PERCENTAGE | M25: =M24/700 -> 0.76857143

Sheet Sheet1
C1: AL-NUR HIGH SCHOOL
A7: STUDENT ID | B7: IKT21
A8: NAME | B8: =VLOOKUP(B7,Database!A1:B31,2,0) -> Esther Okafor
A9: DEPT | B9: =VLOOKUP(B7,Database!A1:C31,3,0) -> Biology
B14: SUBJECT | C14: TOTAL MARK | D14: MARKS OBTAIN | E14: PERCENTAGE | F14: GRADE | G14: RANK
B15: MATHS | C15: 100 | D15: =VLOOKUP(B7,dta,4,0) -> 74 | E15: =D15/C15 -> 0.74 | F15: =IF(B7>=85,"EXECLLENT",IF(B7>=70,"VERY GOOD",IF(B7>=60,"GOOD",IF(B7>=50,"PASS",IF(B7>=45,"FAIL"))))) -> EXECLLENT
B16: ENGLISH | C16: 100 | D16: =VLOOKUP(B7,dta,5,0) -> 76 | E16: =D16/C16 -> 0.76 | F16: =IF(B8>=85,"EXECLLENT",IF(B8>=70,"VERY GOOD",IF(B8>=60,"GOOD",IF(B8>=50,"PASS",IF(B8>=45,"FAIL"))))) -> EXECLLENT
B17: PHY | C17: 100 | D17: =VLOOKUP(B7,dta,6,0) -> 72 | E17: =D17/C17 -> 0.72 | F17: =IF(B9>=85,"EXECLLENT",IF(B9>=70,"VERY GOOD",IF(B9>=60,"GOOD",IF(B9>=50,"PASS",IF(B9>=45,"FAIL"))))) -> EXECLLENT
B18: BIO | C18: 100 | D18: =VLOOKUP(B7,dta,7,0) -> 78 | E18: =D18/C18 -> 0.78 | F18: =IF(B10>=85,"EXECLLENT",IF(B10>=70,"VERY GOOD",IF(B10>=60,"GOOD",IF(B10>=50,"PASS",IF(B10>=45,"FAIL"))))) -> FALSE
B19: CHE | C19: 100 | D19: =VLOOKUP(B7,dta,8,0) -> 75 | E19: =D19/C19 -> 0.75 | F19: =IF(B11>=85,"EXECLLENT",IF(B11>=70,"VERY GOOD",IF(B11>=60,"GOOD",IF(B11>=50,"PASS",IF(B11>=45,"FAIL"))))) -> FALSE
B20: AGRIC | C20: 100 | D20: =VLOOKUP(B7,dta,9,0) -> 68 | E20: =D20/C20 -> 0.68 | F20: =IF(B12>=85,"EXECLLENT",IF(B12>=70,"VERY GOOD",IF(B12>=60,"GOOD",IF(B12>=50,"PASS",IF(B12>=45,"FAIL"))))) -> FALSE
B21: GEO | C21: 100 | D21: =VLOOKUP(B7,dta,10,0) -> 70 | E21: =D21/C21 -> 0.7 | F21: =IF(B13>=85,"EXECLLENT",IF(B13>=70,"VERY GOOD",IF(B13>=60,"GOOD",IF(B13>=50,"PASS",IF(B13>=45,"FAIL"))))) -> FALSE
